zn,indus,chas,nox,rm,age,dis,ptratio,black,lstat,price
0.194878990715288,-1.2856308069058011,-0.2527800695827794,-0.1667873169284279,0.4472595502145229,-0.10773624753127457,0.19484611565658203,-1.4651706795730652,-0.9404742275823663,-1.0788387119632477,24.0
-5.747367499376657,-0.6044248301682958,-0.2527800695827794,-0.7679280512130549,0.22344803665334426,0.379963231395526,0.6406585281943681,-0.3016157899951036,-0.9404742275823663,-0.480764997355117,21.6
-5.747367499376657,-1.3042351718166998,-0.2527800695827794,-0.8637620813164006,1.0620145517494488,-0.7983471884933142,1.197275986830931,0.1172639702529618,-0.5919245496726656,-1.3721248604730045,33.4
-5.747367499376657,-1.3042351718166998,-0.2527800695827794,-0.8637620813164006,1.2785594577274724,-0.4993197707571732,1.197275986830931,0.1172639702529618,-0.9404742275823663,-1.0285200100130445,36.2
0.19577211131098568,-0.4899364307166142,-0.2527800695827794,-0.2887579006963232,-0.37096046364874813,-0.057898344575251476,0.9422718967953508,-1.5117128751561844,-0.7438633926718556,-0.007769199023206266,22.9
0.19577211131098568,-0.4899364307166142,-0.2527800695827794,-0.2887579006963232,0.1595018899215783,0.9281801639117834,1.341881654790115,-1.5117128751561844,-0.2536101521001499,1.1452479142357372,15.0
0.19577211131098568,-0.4899364307166142,-0.2527800695827794,-0.2887579006963232,-0.3753204281986401,0.5223572398413071,1.28088805143299,-1.5117128751561844,-0.9404742275823663,0.11299568565728128,18.9
0.19577211131098568,-0.4899364307166142,-0.2527800695827794,-0.2887579006963232,-0.549719010194364,-1.040417002851142,0.8865644057291766,-1.5117128751561844,0.07179500772865156,0.4637889221101271,21.7
-5.747367499376657,-0.4512965959016716,-0.2527800695827794,-0.1667873169284279,-0.4625197191965026,-0.22877115471018888,0.5087090329317875,1.1877344686646871,-0.9404742275823663,-0.6072805908299143,20.4
-5.747367499376657,-0.4512965959016716,-0.2527800695827794,-0.1667873169284279,-0.24888145625174085,0.5793148432196193,0.3838754580608718,1.1877344686646871,1.5740692602438162,-0.31974515111446666,18.2
-5.747367499376657,-0.4512965959016716,-0.2527800695827794,-0.1667873169284279,-0.6296516936090716,-0.4174432159008491,0.40252933508759237,1.1877344686646871,-0.7469567942169015,-0.5770893696597922,19.9
-5.747367499376657,-0.4512965959016716,-0.2527800695827794,-0.1667873169284279,-0.48286622042933747,-1.3857224733321618,0.40252933508759237,1.1877344686646871,0.6423295324953835,-0.8488103601908898,23.1
-5.747367499376657,-0.4512965959016716,-0.2527800695827794,-0.1667873169284279,-1.1790072268956002,-1.1258534079186109,0.04566592744561392,1.1877344686646871,-0.22623157569540767,-0.1141573117179219,20.2
-5.747367499376657,-0.4512965959016716,-0.2527800695827794,-0.1667873169284279,-1.0133285739996627,1.0634544719352754,0.04637751948478032,1.1877344686646871,1.9317642800076718,1.2271955145546396,13.6
-5.747367499376657,-0.4512965959016716,-0.2527800695827794,-0.1667873169284279,-0.43926657493040616,0.7466278031434125,0.15535275748284352,1.1877344686646871,-0.2552246247051056,0.19350560877760664,19.6
-5.747367499376657,-0.4512965959016716,-0.2527800695827794,-0.1667873169284279,-0.18202866648671298,0.8356240584220257,0.13735964449249183,1.1877344686646871,-0.9404742275823663,0.896529758881875,15.2
-5.747367499376657,-0.4512965959016716,-0.2527800695827794,-0.1667873169284279,-0.6601714454583231,1.1310916259470216,0.19748917180205752,1.1877344686646871,-0.5776660293463057,1.0633003139168347,14.5
-5.747367499376657,-0.4512965959016716,-0.2527800695827794,-0.1667873169284279,-0.3200942105666619,0.7323884022988342,0.3795550778230756,1.1877344686646871,-0.7742246461924546,0.6895042422867536,14.8
-5.747367499376657,-0.4512965959016716,-0.2527800695827794,-0.1667873169284279,-0.8055035971214257,0.921060463489494,0.2675301596571559,1.1877344686646871,1.687567194730769,1.4543485119298434,12.7
-5.747367499376657,-0.4512965959016716,-0.2527800695827794,-0.1667873169284279,-0.2837611726508856,1.1310916259470216,0.23804991803454542,1.1877344686646871,1.917526091885291,0.07992911009000478,14.5
-5.747367499376657,-0.4512965959016716,-0.2527800695827794,-0.1667873169284279,-0.24888145625174085,1.0207362694015414,0.027012050418893083,1.1877344686646871,0.3866708413254019,1.1294334650513878,13.5
-5.747367499376657,-0.7632774844075041,-0.2527800695827794,-0.5065625145675648,-0.43781325341377475,-1.353683821431861,0.07148655286679693,0.3499749481685543,-0.4002878997075147,-0.33843495469597074,24.7
0.1923389827927402,-1.194040087344456,-0.2527800695827794,-1.1251276179618908,0.476325980547143,-1.6527112391680017,0.8612520603359696,-0.0689048120795112,-0.7485028116601572,-1.173725407069345,30.8
0.1923389827927402,-1.194040087344456,-0.2527800695827794,-1.1251276179618908,1.0998009111818554,-1.8663022518366728,0.8612520603359696,-0.0689048120795112,-0.7469567942169015,-1.5101418715364188,34.9
-5.747367499376657,-0.6273225100586322,-0.2527800695827794,-0.9508839268648974,-0.1427889855376762,-2.19380847126197,1.0238000132827083,-0.255073594411986,1.1457741606581755,-0.9595115044813368,25.3
-5.747367499376657,-0.6273225100586322,-0.2527800695827794,-0.9508839268648974,-0.08174948183917201,-2.197368321473115,1.0238000132827083,-0.255073594411986,-0.5649729027118624,-0.7251701211132475,24.7
-5.747367499376657,-0.6273225100586322,-0.2527800695827794,-0.9508839268648974,-0.28812113720077875,-1.0048185007396968,1.0238000132827083,-0.255073594411986,0.2485749106068991,-0.42182023221345033,21.2
-5.747367499376657,-0.6273225100586322,-0.2527800695827794,-0.9508839268648974,-0.8505565641369872,-1.225529213830658,0.708412255923574,-0.255073594411986,-0.9404742275823663,-0.3269335371073527,19.3
-5.747367499376657,-0.6273225100586322,-0.2527800695827794,-0.9508839268648974,-0.6994111264073611,-1.2433284648863805,0.708412255923574,-0.255073594411986,-0.9404742275823663,0.23951127913207818,20.0
-5.747367499376657,-0.6273225100586322,-0.2527800695827794,-0.9508839268648974,-0.34480067634938855,0.6149133453310647,1.0077891924014628,-0.255073594411986,-0.2891207317994586,0.9080311764704933,16.6
-5.747367499376657,-0.6273225100586322,-0.2527800695827794,-0.9508839268648974,-0.9668222854674698,-0.22165145428789967,1.21023712754432,-0.255073594411986,-0.9404742275823663,0.5342351048404117,19.4
0.19453847395812116,-0.8090728441881768,-0.2527800695827794,-1.0292935878585443,-0.44217321796366793,-0.8019070387044586,1.579756707882902,-0.7670377458262884,-0.7376711735422435,0.1388738752316715,19.7
0.19453847395812116,-0.8090728441881768,-0.2527800695827794,-1.0292935878585443,-0.2212683474357511,-0.18605295217645437,1.579756707882902,-0.7670377458262884,-0.4868846493453144,-0.4390723585963772,20.5
0.19453847395812116,-0.8090728441881768,-0.2527800695827794,-1.0292935878585443,-0.3913069648815817,-1.6669506400125798,1.579756707882902,-0.7670377458262884,-0.9404742275823663,-0.5828400784541014,23.4
0.1923389827927402,-1.043774063064124,-0.2527800695827794,-1.2819469399491847,-0.5511723317109957,-0.7342698846927125,1.8364381220108033,1.2342766642478062,-0.9404742275823663,0.3329602970395988,18.9
0.19209147614799646,-1.4416212511587176,-0.2527800695827794,-1.342932231833132,1.426798252423837,-1.649151388956857,2.536288892531014,-0.255073594411986,-0.7946621240648164,-1.103279224339061,35.4
0.19216764842680867,-1.510314290829727,-0.2527800695827794,-1.2819469399491847,0.16822181902136468,-1.1578920598189115,2.7858543862672493,-0.534326767910696,-0.9404742275823663,-0.9652622132756461,24.7
0.191954318852426,-1.4273102012272574,-0.2527800695827794,-1.273234755394335,0.7975100357226008,-0.9870192496839744,2.347310378129521,-1.558255070739303,-0.3149324212891497,-1.226919463416703,31.6
0.1941765763906481,-0.8820591988386238,-0.2527800695827794,-0.907323004090649,-0.17766870193682102,-1.389282323543306,2.08808756386174,0.5826859260841466,0.04294140563032645,-0.8085553986307271,23.3
0.1941765763906481,-0.8820591988386238,-0.2527800695827794,-0.907323004090649,-0.7648105946557575,-0.07213774541982927,1.7885073153726618,0.5826859260841466,-0.6675442730856672,0.09574355927435456,18.7
0.1941765763906481,-0.8820591988386238,-0.2527800695827794,-0.907323004090649,-0.43781325341377475,0.8961415120114828,1.581688171989211,0.5826859260841466,1.7876833252779865,0.28120391789081806,16.0
0.1941765763906481,-0.8820591988386238,-0.2527800695827794,-0.907323004090649,0.7190306738245248,-0.883783593560783,2.172512876508561,0.5826859260841466,-0.7407681809713764,-0.4290086182063366,25.0
0.19494344776571654,-1.4187235712683812,-0.2527800695827794,-1.2288026141646011,1.2160666325123377,-0.3106477095665131,2.8037966712548035,0.0707217746698443,-0.3697205930928355,-0.6374718120000361,33.0
0.19224984446295612,-1.1339336776323234,-0.2527800695827794,-1.3864931546073802,0.03306291797467899,-1.795105247613783,1.4764742061981706,-1.0928331149081172,-0.9404742275823663,-1.1234067051191423,23.5
0.19224984446295612,-1.1339336776323234,-0.2527800695827794,-1.3864931546073802,-0.6979578048907297,-1.32164516953156,1.4764742061981706,-1.0928331149081172,-0.9404742275823663,-0.32262050551162114,19.4
0.19577211131098568,-0.7475353294828979,-0.2527800695827794,-1.2906591245040344,-0.5657055468773056,-1.6669506400125798,1.4187844230228899,0.2103483614191985,-0.8373278832262567,-0.63028342600715,22.0
0.19577211131098568,-0.7475353294828979,-0.2527800695827794,-1.2906591245040344,-0.9784488576005179,-1.118733707496322,1.4187844230228899,0.2103483614191985,-0.9404742275823663,0.08711749608289107,17.4
-5.747367499376657,-0.06919156273168432,-0.2527800695827794,-1.2558103862846357,0.2176347505868195,-2.19380847126197,0.8034097931522963,0.3499749481685543,1.0960993455515617,-0.8286828794108085,24.2
-5.747367499376657,-0.06919156273168432,-0.2527800695827794,-1.2558103862846357,-0.2939344232673023,-2.151090268728236,0.8034097931522963,0.3499749481685543,0.006012858202099151,-1.0012041432400773,22.8
-5.747367499376657,-0.06919156273168432,-0.2527800695827794,-1.2558103862846357,-0.032336550273717166,-2.2080478721065484,0.8034097931522963,0.3499749481685543,1.8770754727721963,-0.7107933491274752,23.4
-5.747367499376657,0.21989164588381147,-0.2527800695827794,-1.0467179569682437,0.008356452191950914,-2.2151675725288373,0.2769333401747128,0.1172639702529618,-0.6377027025270064,-0.820056816219345,24.1
-5.747367499376657,0.21989164588381147,-0.2527800695827794,-1.0467179569682437,0.027249631908154114,-0.8268259901824704,0.4045624551994968,0.1172639702529618,1.164922081678286,-0.5095185413266623,21.4
-5.747367499376657,0.21989164588381147,-0.2527800695827794,-1.0467179569682437,0.01707638129173737,0.22332982210516641,0.17563313059908764,0.1172639702529618,2.14179900044491,-0.07390235015775909,20.0
-5.747367499376657,0.21989164588381147,-0.2527800695827794,-1.0467179569682437,-0.18493530951997608,-0.7983471884933142,0.19510025567056985,0.1172639702529618,0.6256658354491255,-0.3183074739158896,20.8
0.1941765763906481,-0.9206990336535664,-0.2527800695827794,-1.14255198707159,0.6681644207424399,-1.2362087644640911,0.8610487483247792,0.2568905570023176,-0.9404742275823663,-1.0342707188073537,28.0
0.1941765763906481,-0.9206990336535664,-0.2527800695827794,-1.14255198707159,0.5112056969462877,0.07737596344824083,0.8610487483247792,0.2568905570023176,-0.7485028116601572,-0.7567990194819466,23.9
0.1941765763906481,-0.9206990336535664,-0.2527800695827794,-1.14255198707159,-0.14569562857093799,-0.7663085365930132,0.8610487483247792,0.2568905570023176,0.049357059119525655,-0.7151063807232071,22.9
-5.747367499376657,-0.9736499183999692,-0.2527800695827794,-0.9421717423100476,0.17694174812115124,-0.7200304838481344,0.545254366943265,0.0241795790867252,-0.9404742275823663,-0.4117564918234098,23.9
-5.747367499376657,-0.9736499183999692,-0.2527800695827794,-0.9421717423100476,0.5271922336292292,-0.4316826167454271,0.3715750813838519,0.0241795790867252,-0.21808693384153968,-0.8559987461837759,26.6
-5.747367499376657,-0.9736499183999692,-0.2527800695827794,-0.9421717423100476,-0.36660049909885484,-0.8232661399713258,0.3662381410901032,0.0241795790867252,-0.8038401288909962,0.05405092051561457,22.5
-5.747367499376657,-0.9736499183999692,-0.2527800695827794,-0.9421717423100476,-0.21254841833596455,-0.4067636652674156,0.020811034077585416,0.0241795790867252,-0.6738101837140927,-0.581402401255524,22.2
-5.747367499376657,-1.1282092576597391,-0.2527800695827794,-0.5936843601160616,1.0750944453991274,0.6433921470202209,-0.144837427039806,-0.3016157899951036,-0.9404742275823663,-1.0040794976372311,23.6
-5.747367499376657,-1.1282092576597391,-0.2527800695827794,-0.5936843601160616,1.1797335945965615,-0.18249310196530977,-0.14849704324123356,-0.3016157899951036,-0.8145238765685103,-0.9753259536656865,28.7
-5.747367499376657,-1.1282092576597391,-0.2527800695827794,-0.5936843601160616,0.2176347505868195,-0.07569759563097417,-0.3122648682551141,-0.3016157899951036,-0.19870907715588998,-0.5282083449081661,22.6
0.19395353255129572,0.5361658493690821,-0.2527800695827794,-0.8114889739873027,-0.08174948183917201,-1.39996187417674,-0.020715444208056686,-0.1154470076626303,-0.855479378870153,-0.9020044165382476,25.0
0.19395353255129572,0.5361658493690821,-0.2527800695827794,-0.8114889739873027,-0.0265232642071937,0.3230056280172132,-0.04658689763203724,-0.1154470076626303,-0.9404742275823663,-0.2723018035614179,20.6
-5.747367499376657,-1.2026267173033325,-0.2527800695827794,-0.9770204805294463,-0.15150891463746144,0.04889716175908412,-0.10747884498356687,-0.208531398828867,-0.14220193496122008,-0.16447601366812514,21.4
-5.747367499376657,-0.3911901861895388,-0.2527800695827794,-0.3236066389157219,0.6681644207424399,0.4155617335069714,-0.47211893705357894,1.141192273081568,-0.6124783002545138,-0.4405100357949545,27.5
-5.747367499376657,-0.3911901861895388,-0.2527800695827794,-0.3236066389157219,0.7466437826405146,0.10941461534854133,-0.43232061086305495,1.141192273081568,-0.7407681809713764,-0.6921035455459712,26.5
-5.747367499376657,-0.3911901861895388,-0.2527800695827794,-0.3236066389157219,0.2001948923872477,0.6113534951199203,-0.5041914068188671,1.141192273081568,0.8945927084607527,-0.26655109476710886,18.6
-5.747367499376657,-0.3911901861895388,-0.2527800695827794,-0.3236066389157219,-0.18929527406986935,0.682550499342811,-0.5041914068188671,1.141192273081568,-0.5665604876434622,0.13743619803309434,19.3
-5.747367499376657,-0.3911901861895388,-0.2527800695827794,-0.3236066389157219,-0.6267450505758085,0.8427437588443148,-0.7602120569103993,1.141192273081568,-0.7546822835574499,0.8879036956904118,19.5
-5.747367499376657,-0.3911901861895388,-0.2527800695827794,-0.3236066389157219,-0.2038284892361793,0.6042337946976312,-0.8052456673890765,1.141192273081568,0.5141080190430457,0.23088521594061473,20.4
-5.747367499376657,-0.3911901861895388,-0.2527800695827794,-0.3236066389157219,0.30047407703478884,1.02785596982383,-0.6474247187025156,1.141192273081568,-0.6878864287725125,-0.030772034200442146,19.8
-5.747367499376657,-0.3911901861895388,-0.2527800695827794,-0.3236066389157219,-0.05558969453981365,0.817824807366303,-0.5903956995636037,1.141192273081568,-0.04546273329444916,0.4407860869328914,19.4
-5.747367499376657,-0.18367996218336602,-0.2527800695827794,-0.0883776559347809,0.6507245625428667,0.476079187096428,-0.5230994238595759,-0.3016157899951036,-0.7423160121882875,-0.3341219231002391,22.8
-5.747367499376657,-0.18367996218336602,-0.2527800695827794,-0.0883776559347809,-0.01925665662403864,0.568635292586186,-0.7370853156374892,-0.3016157899951036,0.3509537719871078,-0.29242928434149923,18.5
-5.747367499376657,-0.18367996218336602,-0.2527800695827794,-0.0883776559347809,-0.13261573492125825,0.15213281788227573,-0.49636389438803613,-0.3016157899951036,-0.3793778740130975,-0.06383860976771866,21.2
-5.747367499376657,-0.18367996218336602,-0.2527800695827794,-0.0883776559347809,-0.35788056999906825,0.511677689207873,-0.4875706499040507,-0.3016157899951036,-0.572908144845617,-0.3139944423201576,19.2
-5.747367499376657,-0.18367996218336602,-0.2527800695827794,-0.0883776559347809,-0.574425475977092,0.17349191914914272,-0.6247554294547842,-0.3016157899951036,-1.1499378436766463,0.41490789735850087,20.4
-5.747367499376657,-0.18367996218336602,-0.2527800695827794,-0.0883776559347809,-0.7793438098220674,-0.10773624753127457,-0.4815729455739335,-0.3016157899951036,-0.08896644550631726,0.16187671040890728,19.3
-5.747367499376657,2.054568247097009,-0.2527800695827794,0.2078366189301066,-0.5773321190103539,0.05245701197022902,-0.7364753796039181,0.3034327525854368,0.2864869195560462,0.27114017750077735,22.0
-5.747367499376657,2.054568247097009,-0.2527800695827794,0.2078366189301066,-0.3825870357817963,0.565075442375041,-0.7671246652908733,0.3034327525854368,1.8288851896699458,0.25676340551500504,20.3
-5.747367499376657,2.054568247097009,-0.2527800695827794,0.2078366189301066,-0.4450798609969297,0.8783422609557602,-0.823289608382226,0.3034327525854368,1.7866600218908961,0.7829532601942735,20.5
-5.747367499376657,2.054568247097009,-0.2527800695827794,0.2078366189301066,-0.5976786202431886,1.024296119612686,-0.8957195123688119,0.3034327525854368,2.249496218002334,1.8583358047300471,17.3
-5.747367499376657,2.054568247097009,-0.2527800695827794,0.2078366189301066,-0.5642522253606754,0.9815779170789511,-0.8642569786370947,0.3034327525854368,1.647741726587978,0.7326345582440702,18.8
-5.747367499376657,2.054568247097009,-0.2527800695827794,0.2078366189301066,-0.9508357487845283,0.974458216656662,-0.9908695336059267,0.3034327525854368,1.593135797750211,2.124306086466836,15.7
-5.747367499376657,1.516472769674106,-0.2527800695827794,0.5824605547886424,-0.834570027454047,0.9886976175012404,-0.9750620247358718,1.2808188598309236,-0.18740569152331726,0.6765651474995584,16.2
-5.747367499376657,1.516472769674106,-0.2527800695827794,0.5824605547886424,0.2379812518196543,1.0883734234132871,-0.9627616480588516,1.2808188598309236,-0.9404742275823663,0.4177832517556555,18.0
-5.747367499376657,1.516472769674106,-0.2527800695827794,0.5824605547886424,0.0853824925733954,1.0492150710906976,-0.7297152552318368,1.2808188598309236,-0.9404742275823663,-0.03220971139901931,19.6
-5.747367499376657,1.516472769674106,-0.2527800695827794,0.5824605547886424,-0.6470915518086434,0.9673385162343736,-0.6286183576674022,1.2808188598309236,0.3587883270054075,0.366026872606875,18.4
-5.747367499376657,1.516472769674106,-0.2527800695827794,0.5824605547886424,-0.7415574503896609,1.0741340225687095,-0.6915942531336335,1.2808188598309236,0.23066050431009488,0.6938172738824849,15.6
-5.747367499376657,1.516472769674106,-0.2527800695827794,0.5824605547886424,-0.4726929698129195,0.8997013622226272,-0.8842832117393506,1.2808188598309236,1.7701705338924507,0.6348725087408182,17.4
-5.747367499376657,1.516472769674106,-0.2527800695827794,0.5824605547886424,0.2714076467021675,1.0741340225687095,-0.9438028030153452,1.2808188598309236,-0.5044614017240008,0.3027690758694767,17.1
-5.747367499376657,1.516472769674106,-0.2527800695827794,0.5824605547886424,-0.596225298726557,1.0670143221464203,-1.0359031440846036,1.2808188598309236,-0.17610297133903619,1.270325830511957,13.3
-5.747367499376657,1.516472769674106,-0.2527800695827794,0.5824605547886424,-0.16894877283703458,1.0563347715129867,-1.0358523160818058,1.2808188598309236,-0.9404742275823663,0.8591501517188672,17.8
-5.747367499376657,1.516472769674106,-0.2527800695827794,0.5824605547886424,-1.8141087296633611,1.1310916259470216,-1.1524009264967123,1.2808188598309236,-0.9404742275823663,3.009746320112596,14.4
-5.747367499376657,1.185887516257375,3.9560080889704965,2.7343701398365083,-1.256033267277046,1.1310916259470216,-1.21227631379229,-1.7444238530717768,-0.9404742275823663,2.0610482897294373,13.4
-5.747367499376657,1.185887516257375,-0.2527800695827794,2.7343701398365083,-0.1994685246862861,1.1310916259470216,-1.1627190110646257,-1.7444238530717768,0.7875675794105838,2.2019406551900063,13.8
-5.747367499376657,1.185887516257375,-0.2527800695827794,2.7343701398365083,-1.949267630710047,0.978018066867807,-1.141523733898025,-1.7444238530717768,-0.12283706506522325,2.4506588105438687,14.6
-5.747367499376657,1.185887516257375,-0.2527800695827794,2.7343701398365083,-1.5714040363859791,0.9103809128560608,-1.1065540679732733,-1.7444238530717768,1.3263078011456135,2.276699869516023,17.8
-5.747367499376657,1.185887516257375,-0.2527800695827794,2.7343701398365083,-0.974088893050625,0.9495392651786508,-1.10853636008238,-1.7444238530717768,0.6561725791518884,1.2890156340934609,15.4
-5.747367499376657,1.185887516257375,-0.2527800695827794,2.7343701398365083,-0.21109509681933436,1.0349756702461193,-1.0616221135001913,-1.7444238530717768,2.184139202623742,0.232322893139192,21.5
-5.747367499376657,1.185887516257375,-0.2527800695827794,2.7343701398365083,-0.8113168831879505,1.0776938727798535,-1.0589790573547162,-1.7444238530717768,0.2407066086910546,0.47529033969874485,19.4
-5.747367499376657,1.185887516257375,3.9560080889704965,2.7343701398365083,-0.2009218462029176,0.9886976175012404,-0.9948341178241398,-1.7444238530717768,-1.4700106776389332,0.37896596739407007,17.0
-5.747367499376657,1.185887516257375,-0.2527800695827794,2.7343701398365083,-1.44641838595571,0.91750061327835,-1.0014417581878285,-1.7444238530717768,0.8945927084607527,0.5256090416489485,13.1
-5.747367499376657,1.185887516257375,-0.2527800695827794,0.4169290482464987,-0.292481101750672,1.1310916259470216,-0.9908187056031289,-1.7444238530717768,0.9316099167313697,-0.8703755181695484,24.3
-5.747367499376657,1.185887516257375,-0.2527800695827794,2.7343701398365083,0.3527936516335054,1.1310916259470216,-0.9864474973625351,-1.7444238530717768,2.053975629255561,-0.7323585071061339,23.3
-5.747367499376657,1.185887516257375,3.9560080889704965,0.4169290482464987,-0.025069942690562105,0.8676627103223262,-0.9699283964533136,-1.7444238530717768,-1.1165316731748132,-1.0040794976372311,27.0
-5.747367499376657,1.185887516257375,-0.2527800695827794,0.4169290482464987,1.775595416415284,0.8035854065217247,-0.8822500916274465,-1.7444238530717768,2.0958518109588256,-1.5460838015008493,50.0
-5.747367499376657,1.185887516257375,3.9560080889704965,0.4169290482464987,3.013510323412781,0.9139407630672056,-0.7851177782812253,-1.7444238530717768,0.3963075811069554,-1.317493126927069,50.0
-5.747367499376657,1.185887516257375,-0.2527800695827794,0.4169290482464987,-0.6005852632764502,0.83918390863317,-0.6529649710074543,-1.7444238530717768,-0.6675442730856672,-0.12134569771080791,22.7
-5.747367499376657,1.185887516257375,-0.2527800695827794,0.4169290482464987,-0.2416148486685858,0.8819021111669045,-0.7234125828849338,-1.7444238530717768,0.4569926422105625,-0.38444062505044213,25.0
-5.747367499376657,1.185887516257375,-0.2527800695827794,0.4169290482464987,2.4150568837329387,0.9958173179235296,-0.8441290895292435,-1.7444238530717768,2.250787282193023,-1.2628613933811343,50.0
-5.747367499376657,1.185887516257375,-0.2527800695827794,0.4169290482464987,-0.5671588683939371,0.3906427820289595,-0.6509826788983479,-1.7444238530717768,0.5471074981336728,-0.04946183778194615,23.8
-5.747367499376657,1.185887516257375,-0.2527800695827794,0.4169290482464987,0.1958349278373545,0.9602188158120843,-0.7340356354696329,-1.7444238530717768,-1.7131430219577177,-0.16735136806527956,22.3
-5.747367499376657,1.185887516257375,-0.2527800695827794,0.4169290482464987,-0.5700655114271989,0.9388597145452168,-0.6509826788983479,-1.7444238530717768,-0.3095826162162234,0.2797662406922409,17.4
-5.747367499376657,1.185887516257375,-0.2527800695827794,0.4169290482464987,-0.5627989038440439,1.0349756702461193,-0.6698906959390566,-1.7444238530717768,0.13411106940770828,-0.06527628696629581,19.1
-5.747367499376657,-1.036618538098394,-0.2527800695827794,-0.4107284844642185,-1.0104219309664013,0.7217088516654007,-0.5644734181368257,-0.8601221369925249,-0.9404742275823663,0.317145847855249,23.1
-5.747367499376657,-1.036618538098394,-0.2527800695827794,-0.4107284844642185,0.2161814290701892,0.565075442375041,-0.5389577607324284,-0.8601221369925249,-0.7283695204579389,-0.49514176934088966,23.6
-5.747367499376657,-1.036618538098394,-0.2527800695827794,-0.4107284844642185,-0.5933186556932953,0.01685850985878362,-0.5106973911769604,-0.8601221369925249,-0.3681106747315024,-0.40888113742625526,22.6
-5.747367499376657,-1.036618538098394,-0.2527800695827794,-0.4107284844642185,0.4051132262322232,-1.2504481653086694,-0.29193366713607244,-0.8601221369925249,-0.0020232438783213498,-1.0285200100130445,29.4
-5.747367499376657,-1.036618538098394,-0.2527800695827794,-0.4107284844642185,-0.35933389151569983,-0.7485092855372906,-0.0771345273133973,-0.8601221369925249,-0.3681106747315024,-0.3413103090931254,23.2
-5.747367499376657,-1.036618538098394,-0.2527800695827794,-0.4107284844642185,0.0693959558904552,0.18417146978257673,-0.19780020595490955,-0.8601221369925249,-0.7438633926718556,-0.8905029989496297,24.6
-5.747367499376657,-1.036618538098394,-0.2527800695827794,-0.4107284844642185,0.8614561824543668,0.21976997189402211,-0.4022304332068735,-0.8601221369925249,-0.05190404427804186,-0.7999293354392638,29.9
-5.747367499376657,-1.2641642320086113,-0.2527800695827794,-0.6023965446709112,1.0358547644500906,-0.349806061889103,-0.44609499962120563,-0.3016157899951036,-0.9404742275823663,-1.070212648771784,37.2
-5.747367499376657,-1.2641642320086113,-0.2527800695827794,-0.6023965446709112,2.1767121550054487,0.5365966406858849,-0.4908236420830972,-0.3016157899951036,-0.7376711735422435,-0.7079179947303208,39.8
-5.747367499376657,-1.2641642320086113,-0.2527800695827794,-0.6023965446709112,-0.1791220234534512,-0.21453175386561057,-0.5635585140864687,-0.3016157899951036,-0.9404742275823663,-0.43619700419922286,36.2
-5.747367499376657,-1.2641642320086113,-0.2527800695827794,-0.6023965446709112,1.2901860298605206,0.8534233094777484,-0.5113581552133294,-0.3016157899951036,-0.5108467152307161,-1.1018415471404837,37.9
-5.747367499376657,-1.2641642320086113,-0.2527800695827794,-0.6023965446709112,0.42981969201495,0.974458216656662,-0.4369459591176369,-0.3016157899951036,-0.9404742275823663,-0.9782013080628412,32.5
-5.747367499376657,-1.2641642320086113,-0.2527800695827794,-0.6023965446709112,2.272631375103098,-0.5206788720240406,-0.2579297332644753,-0.3016157899951036,-0.2713676962095419,-1.1550356034878413,50.0
0.1931106755513447,-1.1239159426803014,-0.2527800695827794,-1.0467179569682437,0.748097104157146,-0.965660148417107,0.04165051522460328,-1.5117128751561844,-0.4708851587270311,-0.8344335882051175,32.0
0.1931106755513447,-1.1239159426803014,-0.2527800695827794,-1.0467179569682437,1.3337856753594506,-1.0439768530622868,0.43714320499276105,-1.5117128751561844,-0.9404742275823663,-1.019893946821581,34.9
0.1931106755513447,-1.1239159426803014,-0.2527800695827794,-1.0467179569682437,0.9937084404677897,-1.663390789801435,1.4095337265137255,-1.5117128751561844,1.8278980224426202,-1.061586585580321,37.0
0.1931106755513447,-1.1239159426803014,-0.2527800695827794,-1.0467179569682437,0.6856042789420115,-1.332324720164994,1.4095337265137255,-1.5117128751561844,0.19783995694643397,-1.1205313507219876,30.5
0.1931106755513447,-1.1239159426803014,-0.2527800695827794,-1.0467179569682437,1.3236124247430339,-1.4925179796664978,1.4095337265137255,-1.5117128751561844,0.07339668361878827,-1.3821886008630448,36.4
0.19266093825864414,-1.1969022973307484,-0.2527800695827794,-1.3603566009428314,0.7742568914565043,-2.0763334142942007,1.2772792632343595,-1.3255440928237103,-0.3906396215806576,-1.0716503259703614,31.1
0.19266093825864414,-1.1969022973307484,-0.2527800695827794,-1.3603566009428314,0.48940587419682274,-1.7595067455023377,1.2772792632343595,-1.3255440928237103,1.9202151881988054,-1.1650993438778823,29.1
0.19224984446295612,-1.398688101364337,-0.2527800695827794,-1.3342200472782824,1.2204265970622312,-1.1258534079186109,1.8309995257114589,-2.7218099603172643,0.9869640035685129,-0.5569618888797111,30.3
0.19202057448013315,-1.405843626330067,-0.2527800695827794,-1.342932231833132,1.2611195995278992,-1.93393940584842,2.0060511673464076,-0.6739533546600517,1.016207117969105,-1.1550356034878413,32.9
0.19220794045636583,-1.32570174671389,-0.2527800695827794,-1.2383860171749363,-0.15296223615409307,-1.0617761041180094,1.3028965766443517,-1.7444238530717768,-0.4548674071193719,-0.726607798311825,24.1
0.19202057448013315,-1.2326799221593987,-0.2527800695827794,-1.2288026141646011,2.3046044484689796,-1.246888315097525,0.7173579844159528,-1.7444238530717768,-0.2955749932359974,-1.2470469441967844,48.5
0.19202057448013315,-1.2326799221593987,-0.2527800695827794,-1.2288026141646011,2.567655642979197,-1.293166367842404,0.7173579844159528,-1.7444238530717768,0.06378452829548636,-1.3807509236644677,50.0
-5.747367499376657,-0.10067587258089683,-0.2527800695827794,-0.5936843601160616,-0.5468123671611024,-1.634911988112279,0.1213488236112463,0.0707217746698443,-0.9404742275823663,-0.2320468420012553,22.6
-5.747367499376657,-0.10067587258089683,-0.2527800695827794,-0.5936843601160616,0.0853824925733954,-0.5598372243466305,0.3294894950674353,0.0707217746698443,-0.6298290196360039,-0.21767007001548272,24.4
-5.747367499376657,-0.10067587258089683,3.9560080889704965,-0.5936843601160616,-0.29538774478393376,-0.3248871104110912,0.27068149583060763,0.0707217746698443,1.415786520551025,0.3128328162595173,24.4
-5.747367499376657,-0.10067587258089683,3.9560080889704965,-0.5936843601160616,-1.2545799457604145,0.7252687018765449,-0.021172896233235167,0.0707217746698443,-0.6878864287725125,1.6527479653335018,19.3
-5.747367499376657,-0.10067587258089683,-0.2527800695827794,-0.5936843601160616,0.15659524688831641,-1.2789269669978258,0.1213488236112463,0.0707217746698443,0.7978188641985007,-0.44626074458926335,28.1
-5.747367499376657,-0.10067587258089683,-0.2527800695827794,-0.5936843601160616,-1.2429533736273661,-2.0798932645053454,-0.06056459840137849,0.0707217746698443,0.24780700653258658,2.4535341649410234,23.7
-5.747367499376657,0.3715887751572899,3.9560080889704965,-0.0622411022702319,-0.5511723317109957,-0.4352424669565717,-0.30220092370118845,-0.9532065281587632,-0.2988018105554355,0.14749993842313505,23.3
-5.747367499376657,-0.7289309645719996,3.9560080889704965,-0.4368650381287675,-0.15005559312083136,0.8213846575774474,-0.3347816734944527,-0.4877845723275784,-0.6878864287725125,1.2904533112920382,21.7
-5.747367499376657,-0.7289309645719996,3.9560080889704965,-0.4368650381287675,0.8890692912703554,0.3372450288617916,-0.22087611922502176,-0.4877845723275784,0.08940554586427787,-0.3671884986675156,27.5
-5.747367499376657,-0.7289309645719996,-0.2527800695827794,-0.4368650381287675,0.5097523754296576,0.4476003854072718,-0.22087611922502176,-0.4877845723275784,-0.9404742275823663,-0.702167285936012,30.1
-5.747367499376657,-0.7289309645719996,-0.2527800695827794,-0.4630015917933165,2.9048262348375955,0.3586041301286586,-0.41285348579157255,-0.4877845723275784,0.9089025025183081,-1.1996035966437362,44.8
-5.747367499376657,-0.7289309645719996,-0.2527800695827794,-0.4630015917933165,3.013510323412781,0.5259170900524515,-0.41285348579157255,-0.4877845723275784,1.3287973100161246,-1.1291574139134513,50.0
-5.747367499376657,-0.7289309645719996,-0.2527800695827794,-0.4630015917933165,2.576375572078981,0.65051184744251,-0.24954311280287053,-0.4877845723275784,0.5616830661243694,-1.3448089937000365,37.6
-5.747367499376657,-0.7289309645719996,-0.2527800695827794,-0.4630015917933165,1.301812601993569,0.4155617335069714,-0.24954311280287053,-0.4877845723275784,2.211965596040795,-0.8804392585595889,31.6
-5.747367499376657,-0.7289309645719996,-0.2527800695827794,-0.4630015917933165,0.4138331553320084,-1.6669506400125798,-0.16852327634348946,-0.4877845723275784,1.536144035780522,-1.2542353301896711,31.5
-5.747367499376657,-0.7289309645719996,-0.2527800695827794,-0.4630015917933165,-0.4160134306643096,-0.0045005914080834784,-0.017869076051390913,-0.4877845723275784,1.759754169797587,-0.11990802051223065,24.3
-5.747367499376657,-0.7289309645719996,-0.2527800695827794,-0.4368650381287675,3.0080120625183984,0.18061161957143193,0.06696286061781007,-0.4877845723275784,0.7830368631148306,-1.4396956888061343,41.7
-5.747367499376657,-0.7289309645719996,-0.2527800695827794,-0.4368650381287675,2.877213126021606,0.07737596344824083,-0.027831364599721315,-0.4877845723275784,1.6955253822452514,-1.226919463416703,48.3
-5.747367499376657,-0.7289309645719996,3.9560080889704965,-0.4368650381287675,0.6667110992258082,-0.06145819478639578,-0.027831364599721315,-0.4877845723275784,1.690700911935357,-0.6374718120000361,29.0
-5.747367499376657,-0.7289309645719996,-0.2527800695827794,-0.4368650381287675,-0.26341467141805075,-0.23945070534362237,-0.027831364599721315,-0.4877845723275784,1.9157284066122586,-0.23060916480267776,24.0
-5.747367499376657,-0.7289309645719996,3.9560080889704965,-0.4368650381287675,0.5286455551458608,0.2945268263280571,0.2243263572791922,-0.4877845723275784,0.3963075811069554,-0.4232579094120277,25.1
0.193822149382712,-0.9106812987015442,-0.2527800695827794,-1.1251276179618908,0.9152290785697148,-0.4957599205460288,1.3364938864935687,-0.8601221369925249,-0.04868321551089716,-0.15872530487381611,22.0
0.193822149382712,-0.9106812987015442,-0.2527800695827794,-1.1251276179618908,0.13188878110558844,-0.5455978235020524,1.691984938060012,-0.8601221369925249,2.1862994838210863,-0.1817281400510519,22.2
0.193822149382712,-0.9106812987015442,-0.2527800695827794,-1.1251276179618908,0.18275503418767466,-2.151090268728236,1.691984938060012,-0.8601221369925249,2.0773404582712955,-1.0486474907931258,23.7
0.19443959074846345,-0.7775885343389642,-0.2527800695827794,-1.0989910642973415,-0.9799021791171497,0.2945268263280571,2.159297595781184,0.3034327525854368,2.196988083224633,0.0022945413668342637,17.6
0.19443959074846345,-0.7775885343389642,-0.2527800695827794,-1.0989910642973415,-0.23144159805216913,-1.186370861508068,2.2104305665955746,0.3034327525854368,0.12297513361706287,-0.4778896429579625,24.3
0.19443959074846345,-0.7775885343389642,-0.2527800695827794,-1.0989910642973415,0.24088789485291606,-0.6808721315255445,2.09403444018906,0.3034327525854368,2.0773404582712955,-0.42613326380918215,24.5
0.19443959074846345,-0.7775885343389642,-0.2527800695827794,-1.0989910642973415,0.6550845270927601,-1.8057847982472164,2.09403444018906,0.3034327525854368,-0.4500587173491396,-0.8516857145880443,26.2
0.19443959074846345,-0.7775885343389642,-0.2527800695827794,-1.0989910642973415,0.31936725675099215,-1.9659780577487205,1.8755756841649576,0.3034327525854368,-0.8479264170333953,-0.9465724096941417,24.4
0.19443959074846345,-0.7775885343389642,-0.2527800695827794,-1.0989910642973415,0.24815450243607093,-2.1119319164056463,1.8755756841649576,0.3034327525854368,1.8864329115817042,-1.2786758425654838,24.8
0.19443959074846345,-0.7775885343389642,-0.2527800695827794,-1.0989910642973415,2.894652984221179,-2.129731167461369,2.6430785264087806,0.3034327525854368,-0.9404742275823663,-1.2858642285583701,42.8
0.19464407653503452,-1.048067378043562,-0.2527800695827794,0.7828407995501847,1.3599454626588101,0.4831988875187171,-0.8104809516772296,-2.53564117798479,-0.2988018105554355,-0.41606952341914144,33.8
0.19464407653503452,-1.048067378043562,-0.2527800695827794,0.7828407995501847,1.8206483834308453,0.7537475035657016,-0.7964015949022932,-2.53564117798479,0.4087813589897613,-0.7510483106876379,43.1
0.19464407653503452,-1.048067378043562,-0.2527800695827794,0.7828407995501847,3.013510323412781,0.8285043579997365,-0.720820354742256,-2.53564117798479,0.640816296048865,-0.9451347324955648,48.8
0.19464407653503452,-1.048067378043562,-0.2527800695827794,0.7828407995501847,1.5401573307210574,0.9352998643340724,-0.8274066766088316,-2.53564117798479,-0.3986801633328315,-0.1774151084553202,31.0
0.19464407653503452,-1.048067378043562,-0.2527800695827794,0.7828407995501847,1.3643054272087034,0.8320642082108809,-0.9029879167688691,-2.53564117798479,0.4832639363401107,-0.63028342600715,36.5
0.19464407653503452,-1.048067378043562,-0.2527800695827794,0.7828407995501847,-1.0278617891659743,-0.19317265259874358,-0.8743209231910204,-2.53564117798479,-0.23423473696134717,-0.29242928434149923,22.8
0.19464407653503452,-1.048067378043562,-0.2527800695827794,0.7828407995501847,1.0852676960155456,0.5828746934307637,-0.799908727095328,-2.53564117798479,1.0486228373327657,0.3315226198410213,30.7
0.19464407653503452,-1.048067378043562,-0.2527800695827794,0.1555635116010086,1.7479823075992948,-0.556277374135486,-0.4242389584182359,-2.53564117798479,0.10380086830705297,-1.340495962104305,43.5
0.19464407653503452,-0.6201669850929021,-0.2527800695827794,-0.8114889739873027,-0.039603157856872136,-1.8485030007809509,0.3671530451404603,0.0707217746698443,-0.9404742275823663,-0.8473726829923125,25.2
0.19464407653503452,-0.6201669850929021,-0.2527800695827794,-0.8114889739873027,0.3934866540991749,-0.3391265112556693,0.10716781083071487,0.0707217746698443,-0.6439956035427201,-0.6834774823545078,24.4
0.19464407653503452,-0.6201669850929021,3.9560080889704965,-0.8114889739873027,2.069166362774753,-0.5847561758246423,0.33538554339195775,0.0707217746698443,0.028498731570094856,-0.8488103601908898,35.2
0.19330732879013346,-0.6988777597159332,3.9560080889704965,-0.9595961114197472,0.7132173877580014,-1.2575678657309586,0.18854344330967926,-0.3947001811613402,-0.9404742275823663,-1.2873019057569475,32.4
0.19464407653503452,-1.139658097604907,-0.2527800695827794,-0.9953160680946306,0.7916967496560774,-1.2824868172089705,0.20028471195592554,-1.6513394619055397,-0.9404742275823663,-1.097528515544752,35.1
0.19464407653503452,-1.139658097604907,-0.2527800695827794,-0.9953160680946306,1.0184149062505177,-1.1044943066517436,0.781757063960517,-1.6513394619055397,-0.20678315439995157,-1.1349081227077598,35.4
0.19464407653503452,-1.139658097604907,3.9560080889704965,-0.9953160680946306,2.002313573009725,-0.6595130302586772,0.7650854790429029,-1.6513394619055397,1.8864329115817042,-1.3620611200829635,46.0
0.19209147614799646,-1.4430523561518638,3.9560080889704965,-1.3603566009428314,2.406336954633152,-1.5459157328336657,1.1072087658735763,-2.25638800448608,-0.7314718289742098,-1.340495962104305,50.0
0.19209147614799646,-1.191177877358164,-0.2527800695827794,-1.369068785497681,1.1928134882462411,-1.688309741279447,1.8301354496638997,-1.4651706795730652,-0.6061595082375573,-0.666225355971581,32.2
0.19279263039419806,-1.2942174368646775,-0.2527800695827794,-1.4649028156010273,0.2699543251855374,-1.293166367842404,1.8301354496638997,-1.4651706795730652,-0.6061595082375573,-0.6115936224256457,22.0
0.19224984446295612,-1.364341581528833,-0.2527800695827794,-1.499751553820426,-0.05413637302318215,-1.307405768686982,2.735839631514407,-0.1154470076626303,-0.7809829680792557,0.06411466090565521,20.1
0.1928645402933957,-0.8548682039688494,-0.2527800695827794,-1.325507862723433,0.0693959558904552,-0.8054668889156031,1.8351674219408622,-0.8601221369925249,-0.9404742275823663,-0.702167285936012,22.3
0.19224984446295612,-0.9078190887152522,-0.2527800695827794,-1.273234755394335,0.8629095039709972,-1.4355603762881852,0.7166972203795837,0.3499749481685543,-0.9404742275823663,-1.3160554497284915,28.5
0.19224984446295612,-0.9078190887152522,-0.2527800695827794,-1.273234755394335,0.5271922336292292,-1.595753635789689,0.7166972203795837,0.3499749481685543,-0.9404742275823663,-1.1190936735234105,27.9
-5.747367499376657,0.3758820901367279,-0.2527800695827794,-1.0467179569682437,-0.2038284892361793,-1.7737461463469155,0.9128933111783355,-1.1393753104912363,-0.9404742275823663,-0.5612749204754427,23.9
-5.747367499376657,0.3758820901367279,-0.2527800695827794,-1.0467179569682437,0.4094731907821165,-0.6132349775137985,1.14553307998297,-1.1393753104912363,-0.3068678713968988,-0.7323585071061339,27.1
-5.747367499376657,0.3758820901367279,-0.2527800695827794,-1.0467179569682437,-0.6935978403408364,-0.3640454627336811,1.3283105780431546,-1.1393753104912363,-0.9404742275823663,0.4824787256916312,20.3
0.1935918455277584,-0.7446731194966059,-0.2527800695827794,-1.0815666951876424,0.469059372963988,-0.9905790998951188,0.907302230870599,-1.0928331149081172,-0.7670187778055738,-0.4290086182063366,22.0
0.1935918455277584,-0.7446731194966059,-0.2527800695827794,-1.0815666951876424,0.3309938288840404,-1.7737461463469155,0.907302230870599,-1.0928331149081172,1.1127266551454884,-0.5483358256882475,26.4
0.1935918455277584,-0.7446731194966059,-0.2527800695827794,-1.0815666951876424,1.0387614074833522,-1.7986650978249272,0.907302230870599,-1.0928331149081172,0.08300374254617847,-1.096090838346175,33.1
0.19364586155798216,-1.3042351718166998,-0.2527800695827794,-0.7417914975485059,1.4079050727076334,-0.965660148417107,0.16028307375421133,-0.0223626164963937,-0.4404369012611317,-0.7984916582406865,36.1
0.19364586155798216,-1.3042351718166998,-0.2527800695827794,-0.7417914975485059,0.5068457323963946,-0.3604856125225364,-0.1711155044861673,-0.0223626164963937,-0.3890311496854329,-0.5109562185252394,28.4
0.19364586155798216,-1.3042351718166998,-0.2527800695827794,-0.7417914975485059,1.6753162317677437,0.13077371661540882,-0.3087577360620792,-0.0223626164963937,-0.9404742275823663,-0.8646248093752393,33.4
-5.747367499376657,-0.19942211710797222,-0.2527800695827794,-0.1145142095993299,0.5344588412123842,0.5081178389967288,-0.19780020595490955,-0.0223626164963937,-0.9404742275823663,-1.1420965087006463,22.8
-5.747367499376657,-0.19942211710797222,-0.2527800695827794,-0.1145142095993299,-0.42909332431398817,0.3016465267503463,-0.30708041196975844,-0.0223626164963937,-0.8418735599789358,-0.3614377898732065,20.3
-5.747367499376657,-0.19942211710797222,-0.2527800695827794,-0.1145142095993299,-1.8809615194283886,-1.0831352053848766,-0.603458496282588,-0.0223626164963937,0.4620017660177571,0.02242202214691542,16.1
-5.747367499376657,-0.19942211710797222,-0.2527800695827794,-0.1145142095993299,-0.21109509681933436,-0.549157673713197,-0.5420074409002847,-0.0223626164963937,-0.9404742275823663,-0.9350709921055239,22.1
-5.747367499376657,-0.19942211710797222,-0.2527800695827794,-0.1145142095993299,-0.3549739269658066,0.789346005677147,-0.44355359948132556,-0.0223626164963937,-0.8509493617071623,-0.10984428012219002,19.4
-5.747367499376657,-0.19942211710797222,-0.2527800695827794,-0.1145142095993299,-0.8171301692544739,0.3372450288617916,0.12114551160005603,-0.0223626164963937,-0.869037243989793,-0.14147317849088925,16.2
-5.747367499376657,-0.19942211710797222,-0.2527800695827794,-0.1145142095993299,-0.5133859722785891,0.5330367904747406,0.14838932109957204,-0.0223626164963937,0.03973280462599336,0.8404603481373627,17.8
-5.747367499376657,-0.19942211710797222,-0.2527800695827794,-0.1145142095993299,-0.7052244124738847,0.12365401619311962,0.16521339002557875,-0.0223626164963937,-0.9404742275823663,0.4968554976774034,19.8
-5.747367499376657,-0.19942211710797222,-0.2527800695827794,-0.1145142095993299,0.16676849750473316,-0.03653924330838398,-0.08851999994006059,-0.0223626164963937,-0.6831977905165179,-0.3053683791286944,23.1
-5.747367499376657,-0.5600605753807693,-0.2527800695827794,-0.5588356218966629,0.23071464423649923,-0.5669569247689197,0.4237754402569911,0.5361437305010291,-0.9404742275823663,-0.7596743738791011,23.8
-5.747367499376657,-0.5600605753807693,-0.2527800695827794,-0.5588356218966629,0.2147281075535577,-1.0012586505285523,0.5156216413122618,0.5361437305010291,-0.9404742275823663,-0.9149435113254425,25.0
-5.747367499376657,-0.5600605753807693,-0.2527800695827794,-0.5588356218966629,0.2379812518196543,-1.9054606041592632,0.8687746047500151,0.5361437305010291,-0.4404369012611317,-1.0644619399774755,24.6
-5.747367499376657,-0.5600605753807693,-0.2527800695827794,-0.5588356218966629,-0.26777463596794404,-0.8731040429273491,0.8687746047500151,0.5361437305010291,-0.9404742275823663,0.043987180125573844,22.2
-5.747367499376657,-1.1525380425432217,-0.2527800695827794,-0.8463377122067014,-0.5802387620436156,-1.5103172307222203,0.7664578351184381,-0.7204955502431708,1.2711029638571503,-0.3614377898732065,19.3
-5.747367499376657,-1.1525380425432217,-0.2527800695827794,-0.8463377122067014,-0.1791220234534512,-1.2824868172089705,1.1014143735546496,-0.7204955502431708,2.242628783710094,-0.4879533833480033,19.8
-5.747367499376657,-0.8734725688797477,-0.2527800695827794,-0.3671675616899703,0.07084927740708538,-1.072455654751443,1.398656533915039,0.8153969039997391,0.19783995694643397,-0.9782013080628412,22.2
-5.747367499376657,-0.8734725688797477,-0.2527800695827794,-0.3671675616899703,0.06212934830729893,-1.058216253906865,1.398656533915039,0.8153969039997391,0.2469925820662966,-0.8243698478150767,20.7
-5.747367499376657,-0.8734725688797477,-0.2527800695827794,-0.3671675616899703,-0.5787854405269853,-0.7805479374375915,0.7748444555800427,0.8153969039997391,-0.9404742275823663,-0.38587830224901937,19.5
-5.747367499376657,-0.8734725688797477,-0.2527800695827794,-0.3671675616899703,-0.3026543523670889,-1.1009344564405994,0.5619259518608792,0.8153969039997391,-0.8267015146509198,-0.5713386608654833,20.6
-5.747367499376657,-0.8734725688797477,-0.2527800695827794,-0.3671675616899703,-0.41020014459778487,-0.8125865893378923,0.5619259518608792,0.8153969039997391,-0.9404742275823663,-0.3945043654404829,19.0
-5.747367499376657,-0.8734725688797477,-0.2527800695827794,-0.3671675616899703,-0.43490661038051287,-0.3462462116779584,0.5619259518608792,0.8153969039997391,-0.9404742275823663,-0.45919983937645875,18.7
0.1935399285308986,-1.398688101364337,-0.2527800695827794,-1.0031570341939955,1.4151716802907885,-0.6737524311032557,1.6932048101271542,-1.3720862884068288,-0.6093195199515472,-1.0055171748358087,32.7
-5.747367499376657,-1.3457372166179342,-0.2527800695827794,-0.3410310080254212,0.39639329713243665,-0.3035280091442239,1.3013209085576265,-1.1859175060743543,0.15806665928279387,-0.551211180085402,16.5
0.19279263039419806,-1.0752583729133367,-0.2527800695827794,-0.6372452828903099,0.623111453726877,-0.4210030661119937,1.0294927495960395,-0.3947001811613402,-0.9404742275823663,-0.7625497282762556,23.9
0.19279263039419806,-1.0752583729133367,-0.2527800695827794,-0.6372452828903099,0.8818026836872004,-1.428440675865896,1.4022144941108707,-0.3947001811613402,0.4708942584707421,-1.1320327683106057,31.2
0.19216764842680867,-1.0223074881669338,-0.2527800695827794,-1.116415433407041,0.3615135807332919,-1.4426800767104742,2.454303324018478,-0.255073594411986,-0.23907884769235918,-0.8804392585595889,23.1
0.19224984446295612,-1.328563956700182,-0.2527800695827794,-1.064142326077943,0.5344588412123842,-1.3714830724875835,2.357069354666661,-0.6739533546600517,0.001191527760636151,-0.9336333149069466,24.5
0.19330732879013346,-1.4373279361792797,-0.2527800695827794,-1.116415433407041,0.976268582268218,-1.200610262352646,2.584829635202725,0.5826859260841466,0.17558098107561007,-0.9480100868927192,26.6
0.19266093825864414,-1.3743593164808547,-0.2527800695827794,-1.273234755394335,-0.5569856177775191,-1.770186296135771,3.005043599930984,-0.0689048120795112,-0.22293136457430138,-0.6748514191630443,18.6
-5.747367499376657,0.9740839772717644,3.9560080889704965,1.8544394997966929,-0.08029616032254172,1.0385355204572642,-0.8053473233946716,0.8153969039997391,1.8229487070230415,0.7355099126412251,17.8
-5.747367499376657,0.9740839772717644,3.9560080889704965,1.8544394997966929,0.1856616772209365,0.8107051069440139,-0.6106760726798479,0.8153969039997391,-0.06317958380967126,0.11299568565728128,21.7
-5.747367499376657,0.9740839772717644,3.9560080889704965,1.8544394997966929,-0.2038284892361793,0.5401564908970298,-0.5001251665950587,0.8153969039997391,-0.7174978431404362,-0.14434853288804378,22.7
-5.747367499376657,0.9740839772717644,-0.2527800695827794,1.8544394997966929,-0.22562831198564426,0.4653996364629945,-0.6086937805707412,0.8153969039997391,0.03331408199129886,0.02673505374264711,22.6
-5.747367499376657,0.9740839772717644,-0.2527800695827794,1.8544394997966929,0.19002164177082964,0.703909600609678,-0.6040684323161591,0.8153969039997391,2.0873742249843774,-0.6748514191630443,25.0
-5.747367499376657,0.9740839772717644,-0.2527800695827794,1.8544394997966929,-1.3156194494589177,0.9958173179235296,-0.8148013319150259,0.8153969039997391,1.4816444966888465,-0.3298088915045074,20.8
-5.747367499376657,0.9740839772717644,-0.2527800695827794,1.4014059029445105,-3.013615461913367,0.7003497503985336,-1.0640618576344762,0.8153969039997391,1.0378907473808918,-0.771175791467719,27.5
-5.747367499376657,0.9740839772717644,-0.2527800695827794,1.4014059029445105,-1.8954947345946989,0.8249445077885922,-0.9933601057430091,0.8153969039997391,-1.218353397466449,0.2179461211534197,21.9
-5.747367499376657,0.9740839772717644,-0.2527800695827794,0.6434458466725902,-3.013615461913367,1.1310916259470216,-1.1162113885048182,0.8153969039997391,0.8830661157794498,0.12162174884874476,23.1
-5.747367499376657,0.9740839772717644,-0.2527800695827794,0.6434458466725902,-1.8853214839782821,1.1310916259470216,-1.2067360614873512,0.8153969039997391,2.0186263020246833,-1.3261191901185327,50.0
-5.747367499376657,0.9740839772717644,3.9560080889704965,0.6434458466725902,1.0881743390488068,1.0420953706684084,-1.2728632931270338,0.8153969039997391,-0.17771759290673658,-1.3692495060758498,50.0
-5.747367499376657,0.9740839772717644,-0.2527800695827794,0.6434458466725902,-0.07448287425601695,1.1310916259470216,-1.2897890180586362,0.8153969039997391,2.1632540452976174,-0.4246955866106049,50.0
-5.747367499376657,0.9740839772717644,3.9560080889704965,0.9657966752020276,-0.5700655114271989,0.7608672039879902,-1.30986607916369,0.8153969039997391,0.09849301545027617,-0.5181446045181254,50.0
-5.747367499376657,0.9740839772717644,-0.2527800695827794,0.9657966752020276,-1.9783340610426683,1.1310916259470216,-1.2871967899159584,0.8153969039997391,-0.9404742275823663,3.009746320112596,13.8
-5.747367499376657,0.9740839772717644,-0.2527800695827794,0.9657966752020276,-3.013615461913367,1.1310916259470216,-1.306104806956667,0.8153969039997391,-0.9404742275823663,3.009746320112596,13.8
-5.747367499376657,0.9740839772717644,-0.2527800695827794,0.9919332288665768,0.554805342445219,0.892581661800338,-1.200433389140448,0.8153969039997391,1.9557399921517666,1.5463598526387858,13.9
-5.747367499376657,0.9740839772717644,-0.2527800695827794,0.9919332288665768,0.7655369623567178,1.0883734234132871,-1.193774920773962,0.8153969039997391,-0.9404742275823663,1.258824412923339,13.3
-5.747367499376657,0.9740839772717644,-0.2527800695827794,1.244586580957216,-1.0627415055651188,1.1310916259470216,-1.0807334425520903,0.8153969039997391,-0.9404742275823663,1.5981162317875668,11.3
-5.747367499376657,0.9740839772717644,-0.2527800695827794,1.244586580957216,-1.0859946498312154,1.1310916259470216,-1.1047750878753573,0.8153969039997391,-0.9404742275823663,1.736133242850981,12.3
-5.747367499376657,0.9740839772717644,-0.2527800695827794,1.244586580957216,-2.7602210369901616,0.817824807366303,-1.1523500984939148,0.8153969039997391,-0.15341522706784697,2.608803302387364,8.8
-5.747367499376657,0.9740839772717644,-0.2527800695827794,1.244586580957216,-2.3474777262669497,1.1310916259470216,-1.1382707417189784,0.8153969039997391,-0.9404742275823663,2.270949160721714,10.5
-5.747367499376657,0.9740839772717644,-0.2527800695827794,1.244586580957216,-1.8417218384793508,0.7573073537768459,-1.1122468042866054,0.8153969039997391,-0.9404742275823663,2.8043274013938686,7.4
-5.747367499376657,0.9740839772717644,-0.2527800695827794,1.244586580957216,-1.2749264469932493,1.091933273624432,-1.0056604824200293,0.8153969039997391,-0.9404742275823663,1.2027550021788271,11.5
-5.747367499376657,0.9740839772717644,-0.2527800695827794,1.244586580957216,-0.31428092450013706,0.5081178389967288,-0.782169754118964,0.8153969039997391,1.7566128643321666,0.9022804676761843,23.2
-5.747367499376657,0.9740839772717644,-0.2527800695827794,1.244586580957216,-1.7894022638806342,1.024296119612686,-0.9843635492478332,0.8153969039997391,-0.9404742275823663,1.8971530890916315,9.7
-5.747367499376657,0.9740839772717644,-0.2527800695827794,1.1836012890732686,-0.552625653227627,0.9424195647563616,-0.9782133609093232,0.8153969039997391,-0.9404742275823663,0.5558002628190705,12.7
-5.747367499376657,0.9740839772717644,-0.2527800695827794,1.1836012890732686,0.2001948923872477,0.9886976175012404,-1.0317352478551998,0.8153969039997391,-0.9404742275823663,0.9899787767893957,12.5
-5.747367499376657,0.9740839772717644,-0.2527800695827794,1.1836012890732686,-1.1833671914454935,1.1310916259470216,-1.126885269092315,0.8153969039997391,-0.9404742275823663,2.6030525935930555,5.0
-5.747367499376657,0.9740839772717644,-0.2527800695827794,1.1836012890732686,-0.4072935015645231,1.1310916259470216,-1.0764638903170918,0.8153969039997391,-0.9404742275823663,2.053859903736551,5.6
-5.747367499376657,0.9740839772717644,-0.2527800695827794,1.1836012890732686,0.11008895835612348,1.1310916259470216,-1.0839356067283397,0.8153969039997391,-0.9404742275823663,1.126558110654233,7.2
-5.747367499376657,0.9740839772717644,-0.2527800695827794,1.1836012890732686,-1.3345126291751208,0.9886976175012404,-1.0185199671278233,0.8153969039997391,-0.9404742275823663,1.0474858647324852,8.3
-5.747367499376657,0.9740839772717644,-0.2527800695827794,0.8873870142083807,-0.9581023563676847,1.1310916259470216,-1.2307777068106178,0.8153969039997391,-1.664307564136132,-0.0508995149805233,27.9
-5.747367499376657,0.9740839772717644,-0.2527800695827794,0.3472315718077014,-0.9450224627180047,1.0563347715129867,-1.144624242068679,0.8153969039997391,-1.1486502785146402,2.000665847389193,17.2
-5.747367499376657,0.9740839772717644,-0.2527800695827794,0.3472315718077014,-1.6164570034015406,1.1310916259470216,-1.076158922300306,0.8153969039997391,0.6412848659723138,1.0920538578883796,16.3
-5.747367499376657,0.9740839772717644,-0.2527800695827794,1.1836012890732686,-2.5407694879788765,1.1310916259470216,-1.0411892563755545,0.8153969039997391,0.8945927084607527,3.009746320112596,7.0
-5.747367499376657,0.9740839772717644,-0.2527800695827794,1.0616307053053742,0.24234121636954747,1.1310916259470216,-0.9514778314377835,0.8153969039997391,0.8945927084607527,2.3816503050121622,7.2
-5.747367499376657,0.9740839772717644,-0.2527800695827794,1.0616307053053742,-1.399912097423517,0.7430679529322676,-1.046627852674898,0.8153969039997391,0.8900553459653936,2.0351701001550473,10.4
-5.747367499376657,0.9740839772717644,-0.2527800695827794,1.0616307053053742,-0.4508931470634545,1.1310916259470216,-0.9677936203358145,0.8153969039997391,0.8945927084607527,1.1696884266115508,8.8
-5.747367499376657,0.9740839772717644,-0.2527800695827794,1.4014059029445105,0.8091366078556491,0.2945268263280571,-0.9721648285764083,0.8153969039997391,0.8945927084607527,1.4744759927099245,8.4
-5.747367499376657,0.9740839772717644,-0.2527800695827794,0.2339731725946556,-1.0205951815828178,0.08449566387052942,-0.8351833610368653,0.8153969039997391,0.8945927084607527,0.6722521159038265,11.7
-5.747367499376657,0.9740839772717644,-0.2527800695827794,1.0616307053053742,-0.5395457595779473,0.9673385162343736,-0.9134076573423779,0.8153969039997391,0.8945927084607527,1.7116927304751683,8.3
-5.747367499376657,0.9740839772717644,-0.2527800695827794,1.0616307053053742,-0.09482937548885173,0.3728435309732369,-0.9371443346488592,0.8153969039997391,0.8945927084607527,0.29270533547943606,10.9
-5.747367499376657,0.9740839772717644,-0.2527800695827794,1.0616307053053742,-0.10790926913853148,0.3514844297063694,-0.900192376615001,0.8153969039997391,0.8945927084607527,1.2990793744835016,11.0
-5.747367499376657,0.9740839772717644,-0.2527800695827794,1.0616307053053742,0.16386185447147147,0.974458216656662,-0.8836224477029819,0.8153969039997391,0.8945927084607527,1.6671247373192741,9.5
-5.747367499376657,0.9740839772717644,-0.2527800695827794,0.2339731725946556,0.822216501505329,0.9281801639117834,-0.8226288443458569,0.8153969039997391,0.8945927084607527,1.0359844471438675,14.1
-5.747367499376657,0.9740839772717644,-0.2527800695827794,0.2339731725946556,0.22926132271986774,0.23400937273859992,-0.7655998252069451,0.8153969039997391,0.8945927084607527,-0.06527628696629581,16.1
-5.747367499376657,0.9740839772717644,-0.2527800695827794,1.357844980170262,0.24524785940280927,0.7003497503985336,-0.7069443099785101,0.8153969039997391,0.8945927084607527,0.537110459237566,14.3
-5.747367499376657,0.9740839772717644,-0.2527800695827794,1.357844980170262,-0.08610944638906518,0.9530991153897952,-0.7545193205970674,0.8153969039997391,0.8945927084607527,0.38615435338695625,11.7
-5.747367499376657,0.9740839772717644,-0.2527800695827794,1.5930739631512028,-0.16749545132040305,1.1310916259470216,-0.9110695692136883,0.8153969039997391,0.8945927084607527,2.007854233382079,8.7
-5.747367499376657,0.9740839772717644,-0.2527800695827794,1.5930739631512028,-0.9304892475516948,0.9139407630672056,-0.9603727319273643,0.8153969039997391,-0.9404742275823663,1.4946034734900058,12.8
-5.747367499376657,0.9740839772717644,-0.2527800695827794,1.5930739631512028,-0.6529048378751682,0.8605430099000375,-0.9354670105565381,0.8153969039997391,-0.08090606094166077,1.3839023291995587,10.5
-5.747367499376657,0.9740839772717644,-0.2527800695827794,1.5930739631512028,0.20164821390387797,1.031415820034975,-0.8343701129921035,0.8153969039997391,0.7756319054221946,1.0115439347680544,17.1
-5.747367499376657,0.9740839772717644,-0.2527800695827794,1.5930739631512028,-0.07012290970612366,1.1310916259470216,-0.8650193986790589,0.8153969039997391,-0.7577692352815187,0.5903045155849239,18.4
-5.747367499376657,0.9740839772717644,-0.2527800695827794,1.5930739631512028,0.3164606137177304,1.1310916259470216,-0.8784379914176265,0.8153969039997391,0.6604624456665626,0.9152195624633794,15.4
-5.747367499376657,0.9740839772717644,-0.2527800695827794,1.5930739631512028,-0.6005852632764502,1.0100567187681075,-0.9205235777340424,0.8153969039997391,0.4541042778452611,1.625432098560534,10.8
-5.747367499376657,0.9740839772717644,-0.2527800695827794,1.5930739631512028,0.2786742542853226,0.945979414967506,-0.8736093311518539,0.8153969039997391,0.8945927084607527,1.6527479653335018,11.8
-5.747367499376657,0.9740839772717644,-0.2527800695827794,1.5930739631512028,-0.023616621173930714,1.0100567187681075,-0.7668196972740877,0.8153969039997391,0.385379491194115,0.5687393576062656,12.6
-5.747367499376657,0.9740839772717644,-0.2527800695827794,1.357844980170262,-0.1195358412715798,1.0848135732021429,-0.7344930874948115,0.8153969039997391,-0.9404742275823663,0.811706804165818,14.1
-5.747367499376657,0.9740839772717644,-0.2527800695827794,1.357844980170262,0.5635252715450054,1.0670143221464203,-0.686918076876254,0.8153969039997391,1.114009632221551,0.754199716222729,15.2
-5.747367499376657,0.9740839772717644,-0.2527800695827794,1.357844980170262,0.04323616859109563,0.83918390863317,-0.6803104365125655,0.8153969039997391,0.9031132269566126,0.688066565088176,16.1
-5.747367499376657,0.9740839772717644,-0.2527800695827794,1.357844980170262,1.6360765508187054,1.10617267446901,-0.6373607741485898,0.8153969039997391,1.9909748226655173,0.6118696735635824,17.8
-5.747367499376657,0.9740839772717644,-0.2527800695827794,1.357844980170262,0.3745934743829717,0.65051184744251,-0.6459507066213851,0.8153969039997391,0.8945927084607527,0.811706804165818,14.1
-5.747367499376657,0.9740839772717644,-0.2527800695827794,1.357844980170262,-0.4814128989127059,0.4298011343515492,-0.4714073450144126,0.8153969039997391,0.8945927084607527,0.6406232175351274,13.5
-5.747367499376657,0.9740839772717644,-0.2527800695827794,1.357844980170262,0.049049454657620506,0.5508360415304633,-0.46942505290530595,0.8153969039997391,0.09888113784520167,0.5385481364361435,14.9
-5.747367499376657,0.9740839772717644,-0.2527800695827794,1.357844980170262,-0.27068127900120575,0.5757549930084751,-0.5027682227405343,0.8153969039997391,-0.9404742275823663,0.31858352505382614,20.0
-5.747367499376657,0.9740839772717644,-0.2527800695827794,1.357844980170262,0.630378061310032,0.7751066048325685,-0.5637618260976591,0.8153969039997391,0.3176930314074668,0.5658640032091112,16.4
-5.747367499376657,0.9740839772717644,-0.2527800695827794,1.357844980170262,0.158048568404948,0.7181490014542563,-0.579213538948131,0.8153969039997391,-0.07768239680049396,0.31139513906094013,17.7
-5.747367499376657,0.9740839772717644,-0.2527800695827794,1.357844980170262,0.07230259892371688,0.5259170900524515,-0.4941782902677393,0.8153969039997391,-0.9404742275823663,0.21650844395484242,19.5
-5.747367499376657,0.9740839772717644,-0.2527800695827794,1.357844980170262,0.35715361618339864,0.7715467546214243,-0.4600218723877491,0.8153969039997391,-0.4628784830321453,-0.3154321195187352,20.2
-5.747367499376657,0.9740839772717644,-0.2527800695827794,0.852538275988982,-0.08465612487243489,-0.10061654710898547,-0.3777821638612258,0.8153969039997391,-0.9404742275823663,0.10580729966439528,21.4
-5.747367499376657,0.9740839772717644,-0.2527800695827794,0.852538275988982,-0.7386508073563979,-0.7129107834258452,-0.32537849297689586,0.8153969039997391,-1.5424467438847702,0.23663592473492387,19.9
-5.747367499376657,0.9740839772717644,-0.2527800695827794,0.852538275988982,-0.45815975464660946,0.5864345436419085,-0.4244930984322239,0.8153969039997391,0.8945927084607527,0.670814438705249,19.0
-5.747367499376657,0.9740839772717644,-0.2527800695827794,0.2339731725946556,-0.38404035729842667,0.9352998643340724,-0.592835443697889,0.8153969039997391,-1.6898342218814901,1.270325830511957,19.1
-5.747367499376657,0.9740839772717644,-0.2527800695827794,0.199124434375257,-0.49594611407901584,0.09873506471510783,-0.4057375653999081,0.8153969039997391,2.2452037761831938,0.811706804165818,19.1
-5.747367499376657,0.9740839772717644,-0.2527800695827794,0.199124434375257,-0.8055035971214257,-0.4103235154785599,-0.4487888837694787,0.8153969039997391,-0.9404742275823663,0.3272095882452896,20.1
-5.747367499376657,0.9740839772717644,-0.2527800695827794,-0.2190604242575259,-0.05558969453981365,0.8000255563105804,-0.30870690805928186,0.8153969039997391,-0.7019311321113465,0.055488597714191734,19.6
-5.747367499376657,0.9740839772717644,-0.2527800695827794,0.199124434375257,0.24670118091944085,0.24112907316088902,-0.4117860977328229,0.8153969039997391,-0.3906396215806576,0.26970250030220017,23.2
-5.747367499376657,0.9740839772717644,-0.2527800695827794,0.2339731725946556,-1.2211535508779017,0.9673385162343736,-0.6490003867892412,0.8153969039997391,0.7558830821762621,0.8131444813643955,13.8
-5.747367499376657,0.9740839772717644,-0.2527800695827794,0.4953387092401457,0.3150072922010988,0.9032612124337716,-0.7122812502722585,0.8153969039997391,-0.8373278832262567,0.8907790500875663,16.7
-5.747367499376657,0.9740839772717644,-0.2527800695827794,0.4953387092401457,-1.399912097423517,1.0349756702461193,-0.8162753439961566,0.8153969039997391,0.3256373624284592,1.7864519448011846,12.0
-5.747367499376657,0.9740839772717644,-0.2527800695827794,0.4953387092401457,-0.1195358412715798,1.0136165689792522,-0.7807973980434287,0.8153969039997391,1.6112769336703678,0.797330032180046,14.6
-5.747367499376657,0.9740839772717644,-0.2527800695827794,0.4953387092401457,-0.05558969453981365,0.703909600609678,-0.8922632081785746,0.8153969039997391,1.1526237945679632,0.0899928504800455,21.4
-5.747367499376657,0.9740839772717644,-0.2527800695827794,-0.2190604242575259,-0.03669651482361044,-0.12553549858699728,-0.14356672696986594,0.8153969039997391,-0.9404742275823663,-0.2507366455827594,23.0
-5.747367499376657,0.9740839772717644,-0.2527800695827794,-0.2190604242575259,0.701590815624953,0.23756922294974472,-0.19058262955764974,0.8153969039997391,-0.3423387537421359,-0.6820398051559305,23.7
-5.747367499376657,0.9740839772717644,-0.2527800695827794,-0.2190604242575259,-0.7342908428065059,-0.9941389501062634,0.19906483988878326,0.8153969039997391,-0.3181577878810278,-0.2967423159372309,21.8
-5.747367499376657,0.9740839772717644,-0.2527800695827794,0.225260988039806,-0.5758787974937223,-0.9371813467279508,0.008815625417351022,0.8153969039997391,2.2446360284249525,0.12305942604732191,20.6
-5.747367499376657,0.9740839772717644,-0.2527800695827794,0.225260988039806,-0.22272166895238257,0.4120018832958265,-0.08170904756518171,0.8153969039997391,-0.2794378994154272,0.35883848661398887,19.1
-5.747367499376657,0.9740839772717644,-0.2527800695827794,0.225260988039806,-0.5264658659282675,-0.5349182728686187,-0.2817680665765517,0.8153969039997391,0.4321243835049628,-0.14866156448377557,20.6
-5.747367499376657,2.353669190664528,-0.2527800695827794,0.4517777864658973,-1.1819138699288634,0.871222560533471,-0.9584920958238529,0.7688547084166215,-0.6644091061079813,0.8016430637757774,15.2
-5.747367499376657,2.353669190664528,-0.2527800695827794,0.4517777864658973,-1.706562937432665,1.0598946217241312,-0.9576280197762935,0.7688547084166215,-1.3405161360422417,2.472223968522527,8.1
-5.747367499376657,2.353669190664528,-0.2527800695827794,0.4517777864658973,-0.41310678763104786,1.0883734234132871,-0.9345012785033836,0.7688547084166215,0.13414943260193787,0.8030807409743549,13.6
-5.747367499376657,2.353669190664528,-0.2527800695827794,0.4517777864658973,-0.41310678763104786,0.5437163411081741,-0.8115991677387768,0.7688547084166215,-0.9404742275823663,0.12449710324589917,20.1
-5.747367499376657,-0.22947532196403872,-0.2527800695827794,0.2426853571495053,-0.8142235262212122,-0.5064394711794625,-0.6734486561348889,0.3499749481685543,-0.9404742275823663,-0.06815164136345024,21.8
-5.747367499376657,-0.22947532196403872,-0.2527800695827794,0.2426853571495053,-0.687784554274313,0.08449566387052942,-0.41371756183913183,0.3499749481685543,-0.9404742275823663,0.232322893139192,18.3
-5.747367499376657,-0.22947532196403872,-0.2527800695827794,0.2426853571495053,-1.0147818955162944,0.18773131999372103,-0.6641979596257248,0.3499749481685543,-0.770098138676218,0.3760906129969157,17.5
-5.747367499376657,0.09109219650066958,-0.2527800695827794,0.1381391424913093,0.47341933751388116,0.03109791070336152,-0.6241963214240105,1.1877344686646871,-0.16803018208097908,-0.4045681058305236,22.4
-5.747367499376657,0.09109219650066958,-0.2527800695827794,0.1381391424913093,-0.21400173985259602,0.3016465267503463,-0.721328634770232,1.1877344686646871,-0.9404742275823663,-0.4893910605465805,20.6
-5.747367499376657,0.09109219650066958,-0.2527800695827794,0.1381391424913093,1.0300414783835659,0.8107051069440139,-0.7823222381273569,1.1877344686646871,-0.9404742275823663,-0.9839520168571501,23.9
-5.747367499376657,0.09109219650066958,-0.2527800695827794,0.1381391424913093,-0.34480067634938855,0.4476003854072718,-0.6107777286854431,1.1877344686646871,-0.9404742275823663,-0.6619123243758492,11.9
